MARCA,MODELO,TIRA,PRECIO
ADMIRAL,32NS18,80,$19.900
ADMIRAL,43NS18,7,$19.900
ADMIRAL,43SFHD,43,$24.900
ADMIRAL,49K3110,129,$37.500
ADMIRAL,55U2,50,$35.900
ADMIRAL,AD323311LED,57,$17.900
ADMIRAL,AD3214,30,$19.900
ADMIRAL,AD32E20,127,$19.900
ADMIRAL,AD49D1600,131,$31.900
ADMIRAL,AD49E2 (para adaptar),45,$26.900
ADMIRAL,AD50Q20,125,$32.900
ADMIRAL,AD55D1600,49,$29.900
ADMIRAL,AD55Q20,157,$29.900
AOC,43PUG6102,29,$28.900
AOC,LD65P19U,205,$49.900
AOC,LE32D1352/28,26,$19.900
AOC,LE32D1461/28,26,$19.900
AOC,LE32H1461/28,26,$19.900
AOC,LE32S5970/28,26,$19.900
AOC,LE43F14,29,$28.900
AOC,LE43FL461,29,$28.900
AOC,LE43S5295,74,$22.900
AOC,LE49F1461,112,$37.500
AOC,LE49U5462,112,$37.500
AOC,LE50D1452 / 28,112,$37.500
AOC,le50s5970/28,122,$39.500
AOC,LE65PO5S8,205,$49.900
AOC,LE65U7876,205,$49.900
AOC,LE65U7970,205,$49.900
BGH,B4321FH5A,106,$37.900
BGH,B3218h5,110,$19.900
BGH,B3222s5a,156,$22.900
BGH,B4318fh5,105,$29.900
BGH,B4319FK5,170,$29.900
BGH,B4322fs5a,155,$24.900
BGH,B4918fh5,113,$35.900
BGH,BLE3213A,64,$17.900
BGH,BLE3213RT,64,$17.900
BGH,BLE3214D,60,$15.900
BGH,BLE3214RT,60,$15.900
BGH,BLE3214RT,61,$17.900
BGH,BLE3215D,92,$22.500
BGH,BLE3215RT,92,$22.500
BGH,BLE3218RTX,161,$19.900
BGH,BLE4010D,72,$22.900
BGH,BLE4011D,72,$22.900
BGH,BLE4014D,52,$17.900
BGH,BLE4014DG,52,$17.900
BGH,BLE4014RTX,52,$17.900
BGH,BLE4014RTX2,52,$17.900
BGH,BLE4015D,126,$28.900
BGH,BLE4015DF,126,$28.900
BGH,BLE4015RT,149,$19.900
BGH,BLE4015RTFX,149,$19.900
BGH,BLE4016DF,90,$23.900
BGH,BLE4213RT,68,$19.900
BGH,Ble4815rt,160,$19.900
BGH,Ble4815rtfx,160,$19.900
BGH,BLE4916RTF,129,$37.500
CANDY,55sv1200,166,$32.900
DAEWOO,32HDSG,31,$14.000
DAEWOO,DWLED32HD,120,$14.900
DAEWOO,DWLED32HDNEX,120,$14.900
DAEWOO,DWLED39FHD,141,$19.500
DAEWOO,DWLED40FHDN,40,$28.900
DAEWOO,DWLED40FHDS,40,$28.900
DAEWOO,DWLED43UHD,43,$24.900
DAEWOO,DWLED49FHD2,131,$31.900
DAEWOO,DWLED49FHD2,131,$31.900
DAEWOO,DWLED49UHD,131,$31.900
DAEWOO,DWLED49UHD,131,$31.900
DAEWOO,DWLED50FHD,208,$19.900
DAEWOO,DWLED55UHD,49,$29.900
DAEWOO,DWLED55UHD2,49,$29.900
DAEWOO ,Dwled60uhd,51,$39.900
GOLDSTAR,GO32HSM,80,$19.900
GOLDSTAR,GO43FSM,7,$19.900
GOLDSTAR,GO49FSM (para adaptar),45,$26.900
HISENSE,43A421GSV,106,$37.900
HISENSE,H3218h5,110,$19.900
HISENSE,H4318fh5,105,$29.900
HISENSE,H4918fh5,113,$35.900
HISENSE,HLE3213A,64,$17.900
HISENSE,HLE3213RT (SE DEBE SOLDAR),64,$17.900
HISENSE,HLE3214D,60,$15.900
HISENSE,HLE3214RT,61,$17.900
HISENSE,HLE3215D,92,$22.500
HISENSE,HLE3215RT,92,$22.500
HISENSE,hle3217rt,167,$18.500
HISENSE,HLE4011D,72,$22.900
HISENSE,HLE4011DX,72,$22.900
HISENSE,HLE4014RTX,52,$17.900
HISENSE,HLE4014RTX2,52,$17.900
HISENSE,HLE4015D,126,$28.900
HISENSE,HLE4015RTA,149,$19.900
HISENSE,HLE4016DF,90,$23.900
HISENSE,HLE4213RT ,68,$19.900
HISENSE,Hle4815rt,160,$19.900
HISENSE,Hle4815rtfx,160,$19.900
HISENSE,HLE4916RTF,129,$37.500
HISENSE,HLE4917,231,$29.900
HISENSE,HLE5015RTUX,159,$39.900
HISENSE,HLE5017RTU,199,$34.500
HITACHI,CDHLE32SMART10,33,$19.900
HITACHI,CDHLE32SMART11,33,$19.900
HITACHI,CDH32SMART21,142,$22.900
HITACHI,CDHLE32FD18,32,$19.900
HITACHI,CDHle32smart04,168,$18.900
HITACHI,CDHLE32SMART14,35,$10.000
HITACHI,CDHLE32SMART17,34,$15.000
HITACHI,CDHLE32SMART19,82,$15.900
HITACHI,CDHLE39SMART10,108,$21.900
HITACHI,CDHLE39SMART14,108,$21.900
HITACHI,CDHLE40SMART04,171,$19.900
HITACHI,CDHLE40SMART08,40,$28.900
HITACHI,CDHLE40SMART10,38,$24.900
HITACHI,CDHLE40SMART10,38,$24.900
HITACHI,CDHLE40SMART17,87,$23.900
HITACHI,CDHLE43SMART08,42,$29.500
HITACHI,CDHLE49SMART10,65,$28.900
HITACHI,CDHLE49SMART14 (para adaptar),45,$26.900
HITACHI,CDHLE504KSMART16,98,$21.000
HITACHI,CDHLE504KSMART18,46,$26.900
HITACHI,CDHLE504KSMART20,46,$26.900
HITACHI,CDHLE50SMART02,146,$20.900
HITACHI,CDHLE554KSMART10,48,$38.900
HITACHI,CDHLE554KSMART12,86,$29.900
HITACHI,CDHLE554KSMART12,86,$29.900
HITACHI,CDHLE554ksmart16,133,$23.500
HITACHI,CDHLE554KSMART18,47,$26.900
HITACHI,CDHLe554ksmart20,47,$26.900
HITACHI,CDHLE654KSMART12,95,$55.900
HITACHI,CDHLE654KSMART16,214,$39.900
HITACHI,CDHLE654KSMART18,214,$39.900
HITACHI,CDHLE654KSMART20,214,$39.900
HITACHI,L55P65,47,$26.900
HYUNDAI,Hyled43fhd4,104,$26.900
HYUNDAI,HYLED43UHD,43,$24.900
HYUNDAI,HYLED49FHDS2,131,$31.900
HYUNDAI,HYLED49FHDS2,131,$31.900
HYUNDAI,HYLED49UHD,131,$31.900
HYUNDAI,HYLED49UHD,131,$31.900
HYUNDAI,HYLED55UHD2,49,$29.900
HYUNDAI,Hyled60uhd,51,$39.900
ILO,LDF39ILO2,69,$19.900
ILO,LDF43ILO1,70,$25.000
ILO,LDF50ILO3,56,$28.900
ILO,LDH32ILO1,64,$17.900
ILO,LDH32ILO2,57,$17.900
ILO,LDH32ILO4,148,$23.900
ILO,LDH32ILO6,60,$15.900
ILO,LDH32ILO6,61,$17.900
ILO,LDF42ILO1,68,$19.900
JVC,LT-39DA950,69,$19.900
JVC,LT-42DA760,132,$18.900
JVC,LT32DA360,148,$23.900
JVC,LT32DA760,60,$15.900
JVC,LT32DA760,61,$17.900
JVC,LT32DA765,60,$15.900
JVC,LT32DA765,61,$17.900
JVC,LT32DA930,60,$15.900
JVC,LT32DA930,64,$17.900
JVC,LT32DA950,60,$15.900
JVC,LT32DA950,61,$17.900
JVC,LT32DR310,64,$17.900
JVC,LT32DR530,55,$19.900
JVC,LT32DR930,60,$15.900
JVC,LT32DR930,64,$17.900
JVC,LT39DA530,69,$19.900
JVC,LT39DR530,69,$19.900
JVC,LT40DR710,72,$22.900
JVC,LT40DR730,72,$22.900
JVC,LT40DR750,72,$22.900
JVC,LT42DA940,66 flex,$15.900
JVC,LT42DA950,63,$17.900
JVC,LT42DR531 ,68,$19.900
JVC,LT42DR532 ,68,$19.900
JVC,LT42DR940,66 flex,$15.900
JVC,LT43DA760,70,$25.000
JVC,LT47DA940,137,$21.900
JVC,LT50DA770,54,$17.000
JVC,LT50DA960,56,$28.900
JVC,LT50DA965,56,$28.900
JVC,LT55DA940,67,$24.900
JVC,LT55DR930,211,$20.900
JVC,LT55DR940,67,$24.900
KANJI,Kj32mt005 3V,115,$19.500
KANJI,Kj32mt005 6V,116,$19.500
KANJI,Kjmn320c30,114,$19.500
KANJI,KJ4XTL005,246,$29.900
KANJI,KJMN185B30,246,$29.900
KEN BROWN,KB322211LED,57,$17.900
KEN BROWN,KB322212LED,57,$17.900
KEN BROWN,KB322213 (LED),57,$17.900
KEN BROWN,KB322213 (SMART),238,$16.900
KEN BROWN,KB32S2000SA,79,$15.900
KEN BROWN,KB392221LED,53,$19.900
KEN BROWN,KB392222,53,$19.900
KEN BROWN,KB554491SMART,210,$23.900
KEN BROWN,kb32s2000sa (Tira recta),169,$16.900
KEN BROWN,LED50E700KBS1,146,$20.900
KEN BROWN,LED50E700KBSMART,146,$20.900
LG,32LA613B,1,$19.900
LG,32LA613B,1,$19.900
LG,32LA613B,18,$19.900
LG,32LA613B,59,$19.900
LG,32lb550b,13,$19.900
LG,32lb560b,13,$19.900
LG,32LB561,13,$19.900
LG,32LB565B,13,$19.900
LG,32LB575B,13,$19.900
LG,32LB580B,13,$19.900
LG,32LB585B,13,$19.900
LG,32LB595B,13,$19.900
LG,32LF550B,13,$19.900
LG,32LF565B,13,$19.900
LG,32LF585B,13,$19.900
LG,32LF595B,13,$19.900
LG,32LF620B,13,$19.900
LG,32lh575b,109,$19.000
LG,32lj520b,109,$19.000
LG,32lj600b,109,$19.000
LG,32LM3400,17,$19.900
LG,32LN540B,1,$19.900
LG,32LN540B-SB,18,$19.900
LG,32LN570,18,$19.900
LG,32LN570,59,$19.900
LG,32LN570B,1,$19.900
LG,32LS3400,17,$19.900
LG,40LF5700,3,$28.900
LG,40LF5750,3,$28.900
LG,42LA6130 (verificar tira 77 o 12),12,$19.900
LG,42LA6130 (verificar tira 77 o 12),77,$31.900
LG,42LA6200 (verificar tira 77 o 12),12,$19.900
LG,42LA6200 (verificar tira 77 o 12),77,$31.900
LG,42LB5600,14,$29.900
LG,42LB5800,14,$29.900
LG,42LB6200,14,$29.900
LG,42LF5800,14,$29.900
LG,42LF5850,14,$29.900
LG,42LF6200,14,$29.900
LG,42LF6400,14,$29.900
LG,42LF6450,14,$29.900
LG,42LF6500,14,$29.900
LG,42LM6200,66 cable,$15.900
LG,42LM6200,66 flex,$15.900
LG,42LN5400 (verificar tira 77 o 12),12,$19.900
LG,42LN5400 (verificar tira 77 o 12),77,$31.900
LG,42LN5400 (verificar tira 77 o 12),77,$31.900
LG,42LN5700 (verificar tira 77 o 12),12,$19.900
LG,42LN5700 (verificar tira 77 o 12),77,$31.900
LG,42LS5700,66 cable,$15.900
LG,42LS5700,66 flex,$15.900
LG,43LF5410,117,$19.900
LG,43LF5900,117,$19.900
LG,43LH5700,8,$19.900
LG,43LJ5500,9,$19.900
LG,43LJ551,9,$19.900
LG,43LK5700,9,$19.900
LG,43UH6030,2,$25.500
LG,43UH6100,2,$25.500
LG,43UH6107,2,$25.500
LG,43UH6109,2,$25.500
LG,43UH620,2,$25.500
LG,43uh6500,136,$22.900
LG,43UJ6300,9,$19.900
LG,43UJ6560,9,$19.900
LG,43uj6560 panel lc430dgg fmk3,150,$19.900
LG,43UK6300,9,$19.900
LG,43UM7360,73,$29.900
LG,43UP7750PSB,158,$29.500
LG,47la6130,97,$29.500
LG,47la6200,97,$29.500
LG,47LB5600,15,$29.900
LG,47LB5800,15,$29.900
LG,47LB6500,15,$29.900
LG,47ln5200,97,$29.500
LG,47ln5700,97,$29.500
LG,49LB5500,16,$39.900
LG,49LB550V,16,$39.900
LG,49LB5550,16,$39.900
LG,49LB5600,16,$39.900
LG,49LB5800,16,$39.900
LG,49LF5400,504,$19.900
LG,49LF540V,504,$19.900
LG,49LF5410,504,$19.900
LG,49LF5900,504,$19.900
LG,49LF590V,504,$19.900
LG,49LF6450,16,$39.900
LG,49LF6900,504,$19.900
LG,49LF6907,504,$19.900
LG,49LH5700,4,$28.900
LG,49LJ5500,89,$38.900
LG,49LK5700,89,$38.900
LG,49UH6100,4,$28.900
LG,49UH6400,4,$28.900
LG,49UH6500,4,$28.900
LG,49UJ6500,10,$29.900
LG,49UJ6510,10,$29.900
LG,49UJ6560,10,$29.900
LG,49UK6300PSB,89,$38.900
LG,49UM7300PTA,89,$38.900
LG,49UM7360PSA,89,$38.900
LG,49UN7310PSC,89,$38.900
LG,50uk6550,139,$29.900
LG,55LA6200,11,$49.500
LG,55LJ63,5,$34.900
LG,55UF6430,212,$26.900
LG,55UF6450,212,$26.900
LG,55UH6150,212,$26.900
LG,55UJ6320,5,$34.900
LG,55uk63,154,$36.900
LG,65UF6450,213,$36.900
LG,65UF6450UA,213,$36.900
LG,65UF7650,213,$36.900
LG,65UF7700,213,$36.900
LG,65UH5BBD,213,$36.900
LG,65UH6030,213,$36.900
LG,65UH6030UC,213,$36.900
LG,65UJ5500,6,$47.900
LG,65UJ63UHD,6,$47.900
LG,65UJ6300,6,$47.900
LG,65UJ630V,6,$47.900
LG,65UJ6320,6,$47.900
LG,65UJ634V,6,$47.900
LG,65UK6100,6,$47.900
LG,un49ku6400dgczb,118,$41.500
MOTOROLA,Mt43e3a,155,$24.900
NEX,Led32t3520,120,$14.900
NEX,NL32SD,55,$19.900
NEX,NXL32HD,120,$14.900
NEX,NXL32HD,120,$14.900
NEX,NXL39FHD,141,$19.500
NEX,NXL50FHD,208,$19.900
NOBLEX,32LD840FT,55,$19.900
NOBLEX,32LD846HT,64,$17.900
NOBLEX,32LD858HT,60,$15.900
NOBLEX,32LD860HI,60,$15.900
NOBLEX,32LD860HI,64,$17.900
NOBLEX,32LD867HT,60,$15.900
NOBLEX,32LD868HI,60,$15.900
NOBLEX,32LD868HI,61,$17.900
NOBLEX,32LD874HT,148,$23.900
NOBLEX,32LD878HI,60,$15.900
NOBLEX,32LD878HI,61,$17.900
NOBLEX,32LD879HI,60,$15.900
NOBLEX,32LD879HI,61,$17.900
NOBLEX,39ld868ht,69,$19.900
NOBLEX,39LDAFAFT,69,$19.900
NOBLEX,40LD824F,72,$22.900
NOBLEX,40LD835F,72,$22.900
NOBLEX,42LD844FB,68,$19.900
NOBLEX,42LD850FI,68,$19.900
NOBLEX,42LD859FT,63,$17.900
NOBLEX,42LD862FI,63,$17.900
NOBLEX,42LD870FI,63,$17.900
NOBLEX,42LD870FIM,63,$17.900
NOBLEX,42LD877FI,132,$18.900
NOBLEX,43LD882FI,70,$25.000
NOBLEX,50LD876DI,56,$28.900
NOBLEX,50LD881DI,56,$28.900
NOBLEX,55LD856DI,211,$20.900
NOBLEX,55LD861DI,67,$24.900
NOBLEX,55q20200,157,$29.900
NOBLEX,Da50x6500,175,$34.900
NOBLEX,DE32X4001,34,$15.000
NOBLEX,DE32X4001,58,$15.000
NOBLEX,DE40X4100X,135,$25.900
NOBLEX,DE50X6500,125,$32.900
NOBLEX,DF32X4000 (2 TIRAS DE 6 LED),58,$15.000
NOBLEX,DI32X5000,102 3V,$22.000
NOBLEX,DI32X5000,102 6V,$22.000
NOBLEX,DI32X5000X,102 3V,$22.000
NOBLEX,DI32X5000X,102 6V,$22.000
NOBLEX,DI43X5100,44,$26.900
NOBLEX,DI43X5100X,44,$26.900
NOBLEX,DJ43X5100,218,$29.900
NOBLEX,DJ50X6500 (P/ADAPTAR),111,$28.900
NOBLEX,DK32X5000,147,$22.900
NOBLEX,Dk32x5050,147,$22.900
NOBLEX,Dk32x7000,147,$22.900
NOBLEX,DK43X5100,106,$37.900
NOBLEX,DJ50X6500,248,$34.900
NOBLEX,DK50X6500,247,$31.900
NOBLEX,DK50X9500,153,$37.500
NOBLEX,DK55X6500,243,$35.900
NOBLEX,DK55X6550,243,$35.900
NOBLEX,DK55X7500,243,$35.900
NOBLEX,DK65X6500,174,$35.900
NOBLEX,DM32X700,127,$19.900
NOBLEX,DM43X7100,78,$25.900
NOBLEX,Dm55x7550,157,$29.900
NOBLEX,DR32x7000,156,$22.900
NOBLEX,Dr43x7100,155,$24.900
NOBLEX,ea32x5000,123,$17.900
NOBLEX,EA50X6100,54,$17.000
NOBLEX,EA50X6100X,54,$17.000
NOBLEX,EA50X6500,62,$24.900
NOBLEX,EA55X6500,140,$27.900
PANASONIC,TCL42E5A,66 flex,$15.900
PHILCO,39LD862FT,69,$19.900
PHILCO,PDL3914HIM,69,$19.900
PHILCO,PLD3214HI,60,$15.900
PHILCO,PLD3214HI,61,$17.900
PHILCO,PLD3215HI,60,$15.900
PHILCO,PLD3215HI,61,$17.900
PHILCO,PLD3216HI,60,$15.900
PHILCO,PLD3216HI,61,$17.900
PHILCO,PLD3217ID,102 3V,$22.000
PHILCO,PLD3217ID,102 6V,$22.000
PHILCO,PLD3217IDX,102 3V,$22.000
PHILCO,PLD3217IDX,102 6V,$22.000
PHILCO,PLD3222HT,64,$17.900
PHILCO,PLD3223HI,60,$15.900
PHILCO,PLD3225HT,148,$23.900
PHILCO,PLD3236HT,34,$15.000
PHILCO,PLD3236HT,58,$15.000
PHILCO,Pld32hd8b,58,$15.000
PHILCO,Pld32hs2250,147,$22.900
PHILCO,PLD32HS8B,80,$19.900
PHILCO,PLD32HS9B,127,$19.900
PHILCO,PLD32HSC9,34,$15.000
PHILCO,PLD3913FT,69,$19.900
PHILCO,PLD4213FT,68,$19.900
PHILCO,PLD4215FI,132,$18.900
PHILCO,PLD4222FB ,68,$19.900
PHILCO,PLD4233FI,63,$17.900
PHILCO,PLD4234FI,63,$17.900
PHILCO,PLD4316FI,70,$25.000
PHILCO,PLD4317ID,4,$28.900
PHILCO,PLD43FS8B,7,$19.900
PHILCO,Pld43fsc9,104,$26.900
PHILCO,PLD49FS8B (para adaptar),45,$26.900
PHILCO,PLD50FS7C,54,$17.000
PHILCO,PLD55HS2250,243,$35.900
PHILCO,PLD55US9A1,243,$35.900
PHILIPS,32phg4109,151,$14.900
PHILIPS,32PHG5000,26,$19.900
PHILIPS,32phg5001,124,$22.900
PHILIPS,32PHG5101,26,$19.900
PHILIPS,32PHG5102,26,$19.900
PHILIPS,32PHG5301,26,$19.900
PHILIPS,32PHG5813/77,75,$22.900
PHILIPS,32PHG5833,26,$19.900
PHILIPS,39PFG4109/77,27,$19.900
PHILIPS,40PFG5000/77,28,$24.500
PHILIPS,40PFG5011,28,$24.500
PHILIPS,40PFG5100/77,28,$24.500
PHILIPS,42PFG5100,28,$24.500
PHILIPS,42pfl3508g77,119,$29.900
PHILIPS,42PFG5011/77,84,$28.900
PHILIPS,43pfd6825/77,128,$25.500
PHILIPS,43PFG5000,29,$28.900
PHILIPS,43PFG5101,29,$28.900
PHILIPS,43PFG5102,29,$28.900
PHILIPS,43PFG5501,29,$28.900
PHILIPS,43PFG5813,74,$22.900
PHILIPS,43PFG6917,74,$22.900
PHILIPS,49PFG5101/77,112,$37.500
PHILIPS,49PFG5102 / 77,112,$37.500
PHILIPS,49PFG5501/77,112,$37.500
PHILIPS,49PUG6801/77,152,$44.900
PHILIPS,50PUG6513/77,145,$35.900
PHILIPS,55PFF5701,103,$49.500
PHILIPS,55PUD6654/77,94,$28.500
PHILIPS,55PUD7406/77,94,$28.500
PHILIPS,55PUG6212,103,$49.500
PHILIPS,55PUG6412,103,$49.500
PHILIPS,55pug6703,173,$29.900
PHILIPS,55PUG6801,103,$49.500
PHILIPS,55PUS6501,103,$49.500
PHILIPS,65PUD6794,121,$59.500
PHILIPS,65PUF66061,205,$49.900
PHILIPS,65PUF6652,205,$49.900
PHILIPS,65PUF6656,205,$49.900
PHILIPS,65PUF6701,205,$49.900
PHILIPS,65PUF6721,205,$49.900
PHILIPS,65PUG6412/77,205,$49.900
PHILIPS,65PUG6794,121,$59.500
PHILIPS,65PUS6121,205,$49.900
PIONEER,PLE32HMS4,60,$15.900
PIONEER,PLE32HMS4,61,$17.900
PIONEER,PLE32HRN3,148,$23.900
PIONEER,PLE42FMN2,66 flex,$15.900
PIONEER,PLE42FMS3,132,$18.900
PIONEER,PLE43FMS4,70,$25.000
PIONEER,PLE47FZP1,137,$21.900
PIONEER,PLE47FZP2,137,$21.900
PIONEER,PLE50FMS5,54,$17.000
PIONEER,PLE50FZD3,56,$28.900
PIONEER,PLE50FZD4,56,$28.900
PIONEER,PLE55FZP2,67,$24.900
QUANTIC,QI32U18S,80,$19.900
QUANTIC,Qi4068,100,$26.900
QUANTIC,QI43R18S,7,$19.900
QUANTIC,QI49RI8S (para adaptar),45,$26.900
RCA,46smartr30,138,$27.500
RCA,55AN3D,130,$21.900
RCA,AND32Y,82,$15.900
RCA,AND32Y-B,82,$15.900
RCA,AND55FXUHD,91,$29.900
RCA,KDL32MT626U,30,$19.900
RCA,L32NSMART,31,$14.000
RCA,L32NXSMART,33,$19.900
RCA,L32NXTSMART,35,$10.000
RCA,L32s80digi,165,$16.900
RCA,L32SKSMART,34,$15.000
RCA,L32SKSMART,58,$15.000
RCA,L32T20SMART,30,$19.900
RCA,L39F50SLIM,36,$19.900
RCA,L39NXSMARTFS,108,$21.900
RCA,L39T10SLIM,36,$19.900
RCA,L40NSMART,40,$19.900
RCA,L40T20SMART,39,$19.900
RCA,L42S19FHD,66 flex,$15.900
RCA,L42S96DIGI,66 flex,$15.900
RCA,L43AND,42,$29.500
RCA,L48F50SLIM,93,$23.500
RCA,L48T10SLIM,93,$23.500
RCA,L49NXSMART,65,$28.900
RCA,L49NXSMARTFS,-,-
RCA,L55P1UHD,48,$38.900
RCA,L55PXULTRAHD,86,$29.900
RCA,L55PXULTRAHD,86,$29.900
RCA,L65P2UHD,95,$55.900
RCA,S32S2900DG,33,$19.900
RCA,TS50UHD,46,$26.900
RCA,TS55UHD,47,$26.900
RCA,TS65UHD,214,$39.900
RCA,X40SM,37,$26.500
RCA,X40SM,38,$27.900
RCA,X50ANDTV,46,$26.900
RCA,X50UHD,98,$21.000
RCA,X55andtv,47,$26.900
RCA,X55UHD,133,$23.500
RCA,X65ANDTV,214,$39.900
RCA,X65UHD,214,$39.900
RCA,XC32SM,34,$15.000
RCA,XC40SM,87,$23.900
RCA,XF43SM,81,$28.900
RECCO,RELED-49UHD,131,$31.900
RECCO,Reled-60uhd,51,$39.900
RECCO,RLED-43UHD,43,$24.900
RECCO,RLED-49UHD,131,$31.900
RECCO,RLED-55UHD,49,$29.900
SAMSUNG,55js5200,172,$69.900
SAMSUNG,UA39EH5003,21,$19.900
SAMSUNG,UA39FH5003,21,$19.900
SAMSUNG,UA55NU7090,71,$25.900
SAMSUNG,UE50F6200,99,$49.500
SAMSUNG,UE50F6200,99,$49.500
SAMSUNG,UE50KU6072,25,$48.500
SAMSUNG,UE50KU7000,25,$48.500
SAMSUNG,UE55H6290,209,$59.900
SAMSUNG,UE55H6800,209,$59.900
SAMSUNG,UE55J5510,209,$59.900
SAMSUNG,UE55J5600,209,$59.900
SAMSUNG,UE55NU7120,71,$25.900
SAMSUNG,UE55NU7120,505,$19.900
SAMSUNG,UN32F4000,19,$19.900
SAMSUNG,UN32F4200,19,$19.900
SAMSUNG,UN32F4300,19,$19.900
SAMSUNG,UN32F5000,19,$19.900
SAMSUNG,UN32F5200,19,$19.900
SAMSUNG,UN32F5500,19,$19.900
SAMSUNG,UN32FH4000,20,$17.900
SAMSUNG,UN32FH4003,20,$17.900
SAMSUNG,UN32FH4005,20,$17.900
SAMSUNG,UN32H5500,76,$23.500
SAMSUNG,Un32j4000,107,$22.000
SAMSUNG,Un32j4000agczb,107,$22.000
SAMSUNG,UN32J5500,76,$23.500
SAMSUNG,UN39EH5003,21,$19.900
SAMSUNG,UN39FH5000,21,$19.900
SAMSUNG,UN39FH5003,21,$19.900
SAMSUNG,UN39FH5005,21,$19.900
SAMSUNG,UN39FH5005,21,$19.900
SAMSUNG,UN39FH5030,21,$19.900
SAMSUNG,UN40D5000,202,$19.500
SAMSUNG,UN40D5003BG,202,$19.500
SAMSUNG,UN40D5500,202,$19.500
SAMSUNG,UN40D5600,202,$19.500
SAMSUNG,UN40D6000,202,$19.500
SAMSUNG,UN40D6500,202,$19.500
SAMSUNG,UN40EH5303,88,$19.900
SAMSUNG,UN40F5000,22,$44.900
SAMSUNG,UN40F5200,22,$44.900
SAMSUNG,UN40F5500,22,$44.900
SAMSUNG,UN40F6100,22,$44.900
SAMSUNG,UN40F6400,22,$44.900
SAMSUNG,UN40F6800,22,$44.900
SAMSUNG,UN40FH5303,88,$19.900
SAMSUNG,UN40H4200,88,$19.900
SAMSUNG,UN40H4203,88,$19.900
SAMSUNG,UN40H5100,88,$19.900
SAMSUNG,UN40H5103,88,$19.900
SAMSUNG,UN40H6400,23,$39.900
SAMSUNG,UN40J5000,83,$27.900
SAMSUNG,UN40J5200,83,$27.900
SAMSUNG,UN40J5300,23,$39.900
SAMSUNG,UN40J6400,23,$39.900
SAMSUNG,UN40KU6000,144,$39.900
SAMSUNG,UN40KU6300,144,$39.900
SAMSUNG,Un43au7000,164,$27.900
SAMSUNG,Un43j5000,85,$38.500
SAMSUNG,Un43j5200,85,$38.500
SAMSUNG,Un43j5290,85,$38.500
SAMSUNG,Un43t5300,85,$38.500
SAMSUNG,UN46F5000,24,$49.500
SAMSUNG,UN46F5500,24,$49.500
SAMSUNG,UN46F6100,24,$49.500
SAMSUNG,UN46F6800,24,$49.500
SAMSUNG,UN49K5500,207,$21.900
SAMSUNG,UN49K5500,207,$21.900
SAMSUNG,UN49K6250,207,$21.900
SAMSUNG,UN49K6500,207,$21.900
SAMSUNG,UN49K6550,207,$21.900
SAMSUNG,UN50AU700,162,$35.900
SAMSUNG,UN50F5000,99,$49.500
SAMSUNG,UN50F5000,99,$49.500
SAMSUNG,UN50F5000,99,$49.500
SAMSUNG,UN50F5500,49,$29.900
SAMSUNG,UN50F5500,99,$49.500
SAMSUNG,UN50F5500,99,$49.500
SAMSUNG,UN50F6000,99,$49.500
SAMSUNG,UN50F6000,99,$49.500
SAMSUNG,UN50F6400,99,$49.500
SAMSUNG,UN50F6400,99,$49.500
SAMSUNG,UN50J5300,176,$54.900
SAMSUNG,UN50MU6000G,25,$48.500
SAMSUNG,UN50MU6100,25,$48.500
SAMSUNG,UN50MU6300G,25,$48.500
SAMSUNG,UN50NU7090,134,$23.500
SAMSUNG,UN50NU7100,134,$23.500
SAMSUNG,UN50NU7300,134,$23.500
SAMSUNG,UN50RU7100,134,$23.500
SAMSUNG,UN50RU7300,134,$23.500
SAMSUNG,UN50TU7000,162,$35.900
SAMSUNG,UN50TU8000,162,$35.900
SAMSUNG,UN55J5300,209,$59.900
SAMSUNG,UN55J5500,209,$59.900
SAMSUNG,UN55K5500,205,$29.900
SAMSUNG,UN55NU6900,71,$25.900
SAMSUNG,UN55NU6900,505,$19.900
SAMSUNG,UN55NU7090,71,$25.900
SAMSUNG,UN55NU7090,505,$19.900
SAMSUNG,UN55NU7090,505,$19.900
SAMSUNG,UN55NU7090FXZX,71,$25.900
SAMSUNG,UN55NU7090FXZX,505,$19.900
SAMSUNG,UN55NU7100,71,$25.900
SAMSUNG,UN55NU7100,505,$19.900
SAMSUNG,UN55NU7100FXZX,71,$25.900
SAMSUNG,UN55NU7100FXZX,505,$19.900
SAMSUNG,UN55NU7300,71,$25.900
SAMSUNG,UN55NU7300,505,$19.900
SAMSUNG,UN55NU7300FXZX,71,$25.900
SAMSUNG,UN55NU7300FXZX,505,$19.900
SAMSUNG,UN55NU7400,71,$25.900
SAMSUNG,UN55NU7400,505,$19.900
SAMSUNG,UN55NU7400FXZX,71,$25.900
SAMSUNG,UN55NU7400FXZX,505,$19.900
SAMSUNG,UN55NU740D,71,$25.900
SAMSUNG,UN55NU740D,505,$19.900
SAMSUNG,UN55NU7500,71,$25.900
SAMSUNG,UN55NU7500,505,$19.900
SAMSUNG,UN55RU7100,71,$25.900
SAMSUNG,UN55RU7100,71,$25.900
SAMSUNG,UN55RU7100,505,$19.900
SANSEI,TDS1843FI,7,$19.900
SANSEI,TDS1550FI,56,$28.900
SANSEI,TDS1650FI,56,$28.900
SANSEI,TDS1632HI,60,$15.900
SANSEI,TDS1632HI,61,$17.900
SANSEI,TDS1542FI,63,$17.900
SANSEI,TDS1332HT,64,$17.900
SANSEI,TDS1643FI,70,$25.000
SANSEI,TDS1832HI,80,$19.900
SANSEI,TDS1532HT,148,$23.900
SANSEI,TDS1849FI,-,-
SANYO,LCD40XF9T,72,$22.900
SANYO,LCE32H11,60,$15.900
SANYO,LCE32ID17,102 3V,$22.000
SANYO,LCE32ID17,102 6V,$22.000
SANYO,LCE32ID17X,102 3V,$22.000
SANYO,LCE32ID17X,102 6V,$22.000
SANYO,LCE32IH12,60,$15.900
SANYO,LCE32IH12,64,$17.900
SANYO,LCE32IH13,60,$15.900
SANYO,LCE32IH13,61,$17.900
SANYO,LCE32IH15,60,$15.900
SANYO,LCE32IH15,61,$17.900
SANYO,LCE32IH16,60,$15.900
SANYO,LCE32IH16,61,$17.900
SANYO,lce32ih26,123,$17.900
SANYO,LCE32SH8200,80,$19.900
SANYO,LCE32XF9T,55,$19.900
SANYO,LCE32XH10,64,$17.900
SANYO,LCE32XH12,60,$15.900
SANYO,LCE32XH12,61,$17.900
SANYO,LCE32XH15,148,$23.900
SANYO,lce39ih12,69,$19.900
SANYO,LCE39XF11,69,$19.900
SANYO,LCE42IF12,63,$17.900
SANYO,LCE42IF13,63,$17.900
SANYO,LCE42IF14,63,$17.900
SANYO,LCE42IF15,132,$18.900
SANYO,LCE42XF10B ,68,$19.900
SANYO,LCE42XF11,68,$19.900
SANYO,LCE43ID17,4,$28.900
SANYO,LCE43IF16,70,$25.000
SANYO,LCE43SF8200,7,$19.900
SANYO,LCE50SU9200,125,$32.900
SHARP,LCE50SF8100,54,$17.000
SHARP,SH5016KUHDX,62,$24.900
SHARP,SH5516KUHDX,140,$27.900
SKYWORTH,Sw49s6sug,101,$39.500
SKYWORTH,Sw55s6sug,96,$44.900
SHARP,SH5016MFIX,54,$17.000
STEEL HOME,STH032HD,204,$18.900
STEEL HOME,STH050SM,211,$29.900
TALENT,JFH32SM,80,$19.900
TALENT,KIM43SMT,7,$19.900
TCL,32S6500,34,$15.000
TCL,40D2900A,37,$19.900
TCL,40D3260FD,72,$22.900
TCL,L32D2730A,31,$14.000
TCL,L32S4900,33,$19.900
TCL,L32S6,35,$10.000
TCL,L32S60A-B,82,$15.900
TCL,L32S60A-F,82,$15.900
TCL,L32S6500,34,$15.000
TCL,L39S4900,108,$21.900
TCL,L39S4900S,108,$21.900
TCL,L40D2730A,40,$19.900
TCL,L40D3260FD,72,$22.900
TCL,L40NXSMART,38,$27.900
TCL,L40S4900,38,$27.900
TCL,L40S62,37,$19.900
TCL,L40S6500,87,$19.900
TCL,L40SMART17,87,$19.900
TCL,L49S4900,65,$28.900
TCL,L49S6,65,$28.900
TCL,L50E3000F,208,$19.900
TCL,L50P65,46,$26.900
TCL,L50P715,188,$28.900
TCL,L50P8M,46,$26.900
TCL,L55C1,48,$38.900
TCL,L55P4K,86,$29.900
TCL,L55P4K,86,$29.900
TCL,L55P4KSILVER,86,$29.900
TCL,L55P4KSILVER,86,$29.900
TCL,L55P6,133,$23.500
TCL,L55P615,91,$29.900
TCL,L55p8m,47,$26.900
TCL,L65P4K,95,$55.900
TCL,L65P6,214,$39.900
TCL,L65P8M,214,$39.900
TCL,LED32T3520,120,$14.900
TELEFUNKEN,TKLE3215D,92,$19.900
TELEFUNKEN,tkle3218rtx,161,$19.900
THOMSON,39T3530,141,$19.500
THS,thle3917df,143,$26.900
TONOMAC,LED50E700TO-S2,146,$20.900
TONOMAC,LED50E700TO-SMART,146,$20.900
TONOMAC,TO324411,57,$17.900
TONOMAC,TO324413,57,$17.900
TONOMAC,TO3216HDS,60,$15.900
TONOMAC,TO3216HDS,61,$17.900
TONOMAC,TO394421LED,53,$19.900
TONOMAC,TO394422LED,53,$19.900
TONOMAC,TO4316FHDS,70,$25.000
TONOMAC,TO554491SMART,210,$23.900
TONOMAC,TO3216HD,148,$23.900
TOP HOUSE,KDL48MT539U,93,$23.500
TOP HOUSE,KDL55XS712UN,130,$21.900
TOP HOUSE,TH4321FH5,106,$37.900
TOSHIBA,40L4700LA,135,$25.900
TOSHIBA,43V35KP,106,$37.900
TOSHIBA,49U4700LA (para adaptar),45,$26.900
TOSHIBA,55U4700LA,50,$35.900
TOSHIBA,55u7700,96,$44.900
WINS,WL5000SMT,208,$19.900